{
    "total_runtime": 97.45145773887634,
    "num_documents": 1,
    "input_load_time": 0,
    "workflows": {
        "create_base_text_units": {
            "overall": 32.55072379112244,
            "0_orderby": 0.01346898078918457,
            "1_zip": 0.007704019546508789,
            "2_aggregate_override": 0.01728987693786621,
            "3_chunk": 32.431204080581665,
            "4_select": 0.008917093276977539,
            "5_unroll": 0.014684200286865234,
            "6_rename": 0.006240129470825195,
            "7_genid": 0.007092952728271484,
            "8_unzip": 0.00694584846496582,
            "9_copy": 0.005968809127807617,
            "10_filter": 0.02620697021484375
        },
        "create_base_extracted_entities": {
            "overall": 30.702025890350342,
            "0_entity_extract": 30.674448013305664,
            "1_merge_graphs": 0.020660877227783203
        },
        "create_summarized_entities": {
            "overall": 4.490793943405151,
            "0_summarize_descriptions": 4.47882604598999
        },
        "create_base_entity_graph": {
            "overall": 0.08370208740234375,
            "0_cluster_graph": 0.06372284889221191,
            "1_select": 0.00932002067565918
        },
        "create_final_entities": {
            "overall": 1.9362592697143555,
            "0_unpack_graph": 0.03004002571105957,
            "1_rename": 0.012144804000854492,
            "2_select": 0.012414932250976562,
            "3_dedupe": 0.014127969741821289,
            "4_rename": 0.012646913528442383,
            "5_filter": 0.027767658233642578,
            "6_text_split": 0.014742136001586914,
            "7_drop": 0.013348817825317383,
            "8_merge": 0.045720815658569336,
            "9_text_embed": 1.6911606788635254,
            "10_drop": 0.015156984329223633,
            "11_filter": 0.03355598449707031
        },
        "create_final_nodes": {
            "overall": 0.36937713623046875,
            "0_layout_graph": 0.07556796073913574,
            "1_unpack_graph": 0.03267312049865723,
            "2_unpack_graph": 0.033203840255737305,
            "3_drop": 0.016328096389770508,
            "4_filter": 0.03673982620239258,
            "5_select": 0.018284082412719727,
            "6_rename": 0.018063068389892578,
            "7_join": 0.034085988998413086,
            "8_convert": 0.06723308563232422,
            "9_rename": 0.019633054733276367
        },
        "create_final_communities": {
            "overall": 0.5063638687133789,
            "0_unpack_graph": 0.037446022033691406,
            "1_unpack_graph": 0.03646993637084961,
            "2_aggregate_override": 0.027990102767944336,
            "3_join": 0.030555248260498047,
            "4_join": 0.0287168025970459,
            "5_concat": 0.021064043045043945,
            "6_filter": 0.0737009048461914,
            "7_aggregate_override": 0.025003910064697266,
            "8_join": 0.029447078704833984,
            "9_filter": 0.07340693473815918,
            "10_fill": 0.023733139038085938,
            "11_merge": 0.026059865951538086,
            "12_copy": 0.0231781005859375,
            "13_select": 0.024588823318481445
        },
        "join_text_units_to_entity_ids": {
            "overall": 0.10622000694274902,
            "0_select": 0.0246889591217041,
            "1_unroll": 0.027382612228393555,
            "2_aggregate_override": 0.02692413330078125
        },
        "create_final_relationships": {
            "overall": 0.3831350803375244,
            "0_unpack_graph": 0.04244112968444824,
            "1_filter": 0.0537867546081543,
            "2_rename": 0.026443004608154297,
            "3_filter": 0.05793404579162598,
            "4_drop": 0.02706313133239746,
            "5_compute_edge_combined_degree": 0.032797813415527344,
            "6_convert": 0.08426070213317871,
            "7_convert": 0.0278317928314209
        },
        "join_text_units_to_relationship_ids": {
            "overall": 0.15559887886047363,
            "0_select": 0.028899669647216797,
            "1_unroll": 0.030601024627685547,
            "2_aggregate_override": 0.031469106674194336,
            "3_select": 0.029659271240234375
        },
        "create_final_community_reports": {
            "overall": 21.65230083465576,
            "0_prepare_community_reports_nodes": 0.03319096565246582,
            "1_prepare_community_reports_edges": 0.03246593475341797,
            "2_restore_community_hierarchy": 0.03412818908691406,
            "3_prepare_community_reports": 0.1524519920349121,
            "4_create_community_reports": 21.3350350856781,
            "5_window": 0.03268885612487793
        },
        "create_final_text_units": {
            "overall": 0.2596611976623535,
            "0_select": 0.03716111183166504,
            "1_rename": 0.03561997413635254,
            "2_join": 0.03933310508728027,
            "3_join": 0.03954291343688965,
            "4_aggregate_override": 0.03731989860534668,
            "5_select": 0.03438210487365723
        },
        "create_base_documents": {
            "overall": 0.3880910873413086,
            "0_unroll": 0.035974979400634766,
            "1_select": 0.03571677207946777,
            "2_rename": 0.03584694862365723,
            "3_join": 0.0400388240814209,
            "4_aggregate_override": 0.03752303123474121,
            "5_join": 0.04412412643432617,
            "6_rename": 0.03654122352600098,
            "7_convert": 0.07892417907714844
        },
        "create_final_documents": {
            "overall": 0.11372685432434082,
            "0_rename": 0.038423776626586914
        }
    }
}